workload,partition,mode,mean_ms,p99_ms,n_calls
chanpred,2g,with_l1,0.42395046572492634,0.579584002494812,66621
chanpred,2g,with_l1,0.42591413771692066,0.5529599785804749,66527
chanpred,2g,with_l1,0.42539736514272153,0.5754879713058472,66433
chanpred,2g,with_l1,0.4261689968014735,0.5570560097694397,66452
chanpred,2g,with_l1,0.4205641388830933,0.5560320019721985,67085
chanpred,2g,alone,0.4220653942757823,0.4433920085430145,67087
chanpred,2g,alone,0.4232888354633953,0.447488009929657,66988
chanpred,2g,alone,0.4228699810662645,0.4362240135669708,67022
chanpred,2g,alone,0.42081560085668984,0.44646400213241577,67301
chanpred,2g,alone,0.4229374360844518,0.4485119879245758,67024
chanpred,1g,with_l1,0.5782563150286907,0.6113280057907104,49801
chanpred,1g,with_l1,0.5792378883632091,0.6144000291824341,49717
chanpred,1g,with_l1,0.5766783741699774,0.6103039979934692,49932
chanpred,1g,with_l1,0.6001773473866432,0.7065600156784058,47959
chanpred,1g,with_l1,0.5977011813362878,0.7045120000839233,48148
chanpred,1g,alone,0.5786355851940999,0.5939199924468994,49786
chanpred,1g,alone,0.5787241080409972,0.596992015838623,49793
chanpred,1g,alone,0.5770200412910622,0.5928959846496582,49950
chanpred,1g,alone,0.5790508822176819,0.5959680080413818,49733
chanpred,1g,alone,0.5792434612450559,0.5990399718284607,49736
neuralrx,4g,with_l1,0.7681881581683075,0.8744959831237793,37859
neuralrx,4g,with_l1,0.7484453314183366,0.8724480271339417,38857
neuralrx,4g,with_l1,0.7532788503394074,0.8417279720306396,38626
neuralrx,4g,with_l1,0.7565848826416988,0.8417279720306396,38472
neuralrx,4g,with_l1,0.7604881806992138,0.8591359853744507,38183
neuralrx,4g,alone,0.7609200721706595,0.8488960266113281,38228
neuralrx,4g,alone,0.7614576948800252,0.8499199748039246,38181
neuralrx,4g,alone,0.753613617260279,0.8386560082435608,38599
neuralrx,4g,alone,0.7649269773990254,0.8509439826011658,38049
neuralrx,4g,alone,0.7653296160674732,0.8980479836463928,38016
resnet,1g,with_l1,50.1271129920208,50.502655029296875,
resnet,1g,with_l1,50.19749716691747,50.38489532470703,
resnet,1g,with_l1,50.193572372895815,50.374656677246094,
resnet,1g,with_l1,50.16871898230103,50.356224060058594,
resnet,1g,with_l1,50.08218002319336,50.277374267578125,
resnet,1g,alone,50.20730219557134,50.347007751464844,
resnet,1g,alone,50.14958495200677,50.28761672973633,
resnet,1g,alone,50.10146522203551,50.26816177368164,
resnet,1g,alone,50.00881493250529,50.1135368347168,
resnet,1g,alone,50.02025821050008,50.16371154785156,
resnet,2g,with_l1,48.863258678672366,49.01990509033203,
resnet,2g,with_l1,48.822938004160314,49.01375961303711,
resnet,2g,with_l1,48.90842831037562,49.3230094909668,
resnet,2g,with_l1,48.80259282802179,48.974849700927734,
resnet,2g,with_l1,48.817458386925175,49.01171112060547,
resnet,2g,alone,48.77101201623436,48.901119232177734,
resnet,2g,alone,48.77545933917286,48.9062385559082,
resnet,2g,alone,48.76061215284394,48.86937713623047,
resnet,2g,alone,48.75339595515553,48.87859344482422,
resnet,2g,alone,48.77389253445757,48.92057418823242,
qwen,2g,with_l1,22.761387622056347,27.413503646850586,
qwen,2g,with_l1,22.504271121765875,27.039743423461914,
qwen,2g,with_l1,22.396028419946784,24.85759925842285,
qwen,2g,with_l1,22.521751657162074,27.019264221191406,
qwen,2g,with_l1,22.505960668733575,26.460159301757812,
qwen,2g,alone,22.504365374419844,24.95078468322754,
qwen,2g,alone,22.744151435247282,24.574975967407227,
qwen,2g,alone,22.825383556727605,24.51148796081543,
qwen,2g,alone,23.039746140881395,25.49247932434082,
qwen,2g,alone,22.802589246022784,24.947711944580078,
neuralrx,3g,with_l1,0.7784302906070045,0.9349120259284973,37333
neuralrx,3g,with_l1,0.7467830373716987,0.8427519798278809,39038
neuralrx,3g,with_l1,0.7634432298952313,0.8540160059928894,38149
neuralrx,3g,with_l1,0.7640638253131389,0.9318400025367737,38118
neuralrx,3g,with_l1,0.7696493695319093,0.9390079975128174,37750
neuralrx,3g,alone,0.7759761531251916,0.8017920255661011,37527
neuralrx,3g,alone,0.7718823537780133,0.796671986579895,37711
neuralrx,3g,alone,0.7727398722715243,0.7987200021743774,37676
neuralrx,3g,alone,0.7704066285264847,0.792576014995575,37796
neuralrx,3g,alone,0.7727816550654407,0.7976959943771362,37683
neuralrx,2g,with_l1,1.0647820666640424,1.1786240339279175,27504
neuralrx,2g,with_l1,1.0577102955528077,1.112064003944397,27749
neuralrx,2g,with_l1,1.058237023036592,1.1448320150375366,27694
neuralrx,2g,with_l1,1.0496517358609965,1.0762239694595337,27969
neuralrx,2g,with_l1,1.0662229279193538,1.1612160205841064,27530
neuralrx,2g,alone,1.0607264950763187,1.0844160318374634,27661
neuralrx,2g,alone,1.0667267157552616,1.090559959411621,27504
neuralrx,2g,alone,1.0694953111438308,1.0956799983978271,27424
neuralrx,2g,alone,1.0676219929168935,1.090559959411621,27485
neuralrx,2g,alone,1.057961969976771,1.0813440084457397,27738
neuralrx,1g,with_l1,1.6399099752658048,1.721343994140625,18037
neuralrx,1g,with_l1,1.6407048479764497,1.7326079607009888,18020
neuralrx,1g,with_l1,1.6506857619562942,1.7397760152816772,17897
neuralrx,1g,with_l1,1.6390766504630714,1.6732159852981567,18045
neuralrx,1g,with_l1,1.6380795748701429,1.7285120487213135,18028
neuralrx,1g,alone,1.651190173470143,1.6783360242843628,17904
neuralrx,1g,alone,1.6419877959897426,1.6814080476760864,18004
neuralrx,1g,alone,1.6487800253850813,1.6906239986419678,17925
neuralrx,1g,alone,1.6444389038432314,1.6885759830474854,17979
neuralrx,1g,alone,1.6550575634651283,1.6834559440612793,17862
chanpred,4g,with_l1,0.4227920936989608,0.6021119952201843,66696
chanpred,4g,with_l1,0.4225680972204573,0.5580800175666809,66700
chanpred,4g,with_l1,0.4270919472145127,0.5611519813537598,66253
chanpred,4g,with_l1,0.4221116337930216,0.5550079941749573,66790
chanpred,4g,with_l1,0.4246460693098858,0.5744640231132507,66460
chanpred,4g,alone,0.42196738008192536,0.44441598653793335,67079
chanpred,4g,alone,0.4258969366216782,0.449535995721817,66453
chanpred,4g,alone,0.4216201762606178,0.4433920085430145,67101
chanpred,4g,alone,0.4222546983105816,0.48947200179100037,67056
chanpred,4g,alone,0.41706410574349945,0.5560320019721985,67874
qwen,3g,with_l1,21.418406654242894,24.564735412597656,
qwen,3g,with_l1,22.369324525435648,26.469375610351562,
qwen,3g,with_l1,21.84088774411605,25.680896759033203,
qwen,3g,with_l1,22.192453859463942,26.637311935424805,
qwen,3g,with_l1,22.046498408521824,24.365055084228516,
qwen,3g,alone,22.111203958016855,24.458240509033203,
qwen,3g,alone,22.291623499430855,24.1213436126709,
qwen,3g,alone,22.319076413972752,24.411136627197266,
qwen,3g,alone,22.021765395724024,24.010751724243164,
qwen,3g,alone,22.585354833148088,25.033727645874023,
resnet,3g,with_l1,56.623847911042986,56.78694534301758,
resnet,3g,with_l1,56.62019426597739,56.815616607666016,
resnet,3g,with_l1,56.62793807263644,56.802303314208984,
resnet,3g,with_l1,56.62156218762668,56.800254821777344,
resnet,3g,with_l1,56.705817714756066,57.03577423095703,
resnet,3g,alone,56.596126419643184,56.72140884399414,
resnet,3g,alone,56.588388550956296,56.72652816772461,
resnet,3g,alone,56.60194003986862,56.75724792480469,
resnet,3g,alone,56.59010227851148,56.67942428588867,
resnet,3g,alone,56.597886585739424,56.76851272583008,
resnet,4g,with_l1,48.22302289637722,48.57855987548828,
resnet,4g,with_l1,48.10568851079696,48.286720275878906,
resnet,4g,with_l1,48.233239863846464,48.61030578613281,
resnet,4g,with_l1,48.11567246608245,48.28160095214844,
resnet,4g,with_l1,48.124150436915706,48.2949104309082,
resnet,4g,alone,48.107643139668,48.254974365234375,
resnet,4g,alone,48.09485616439428,48.19968032836914,
resnet,4g,alone,48.09686641204051,48.20377731323242,
resnet,4g,alone,48.11009801962437,48.21196746826172,
resnet,4g,alone,48.10162869477883,48.249855041503906,
chanpred,3g,with_l1,0.42577277996663027,0.5529599785804749,66548
chanpred,3g,with_l1,0.42673819745653147,0.5550079941749573,66324
chanpred,3g,with_l1,0.42421581431243904,0.5539839863777161,66715
chanpred,3g,with_l1,0.42629978516945005,0.5560320019721985,66317
chanpred,3g,with_l1,0.42057750355647405,0.5529599785804749,67305
chanpred,3g,alone,0.4206400158064929,0.44543999433517456,67251
chanpred,3g,alone,0.4242283359472662,0.449535995721817,66752
chanpred,3g,alone,0.4289657451167355,0.4546560049057007,65987
chanpred,3g,alone,0.423027917039002,0.44441598653793335,66933
chanpred,3g,alone,0.42593414947899133,0.44543999433517456,66452
qwen,4g,with_l1,21.911070697633182,26.753023147583008,
qwen,4g,with_l1,22.344517737805486,25.613311767578125,
qwen,4g,with_l1,22.230699959568184,26.91584014892578,
qwen,4g,with_l1,22.052521141035328,24.769535064697266,
qwen,4g,with_l1,21.17096461573391,22.797311782836914,
qwen,4g,alone,22.526006099772903,24.877056121826172,
qwen,4g,alone,22.553702937592544,24.850431442260742,
qwen,4g,alone,22.789546816585627,24.72960090637207,
qwen,4g,alone,22.554162705205915,24.849407196044922,
qwen,4g,alone,22.404002971477336,23.591936111450195,
xapp,3g,with_l1,0.12432607559271278,0.15462400019168854,207754
xapp,3g,with_l1,0.12688651007141427,0.15564799308776855,201894
xapp,3g,with_l1,0.13062342209776379,0.1515520066022873,198773
xapp,3g,with_l1,0.12711228188669185,0.14745600521564484,203517
xapp,3g,with_l1,0.12453867539825111,0.14643199741840363,207830
xapp,3g,alone,0.12473409625519004,0.1382399946451187,207423
xapp,3g,alone,0.12995445273380277,0.14336000382900238,199384
xapp,3g,alone,0.12891450788389378,0.14233599603176117,200892
xapp,3g,alone,0.13045078970797283,0.14336000382900238,199099
xapp,3g,alone,0.12912711999861862,0.14336000382900238,200882
xapp,4g,with_l1,0.12382839189181684,0.15462400019168854,207937
xapp,4g,with_l1,0.1259380538324707,0.15769599378108978,205106
xapp,4g,with_l1,0.12627943114196633,0.15462400019168854,202072
xapp,4g,with_l1,0.12498917496380109,0.15462400019168854,206424
xapp,4g,with_l1,0.1256862102720991,0.15667200088500977,205143
xapp,4g,alone,0.12014926471813889,0.131071999669075,215127
xapp,4g,alone,0.12669519770669943,0.13926400244235992,202759
xapp,4g,alone,0.12970868908396008,0.14336000382900238,199852
xapp,4g,alone,0.12787717188236786,0.14028799533843994,201967
xapp,4g,alone,0.12680300703807262,0.13926400244235992,203818
forecaster,1g,with_l1,10.661575336748482,10.801152229309082,2807
forecaster,1g,with_l1,10.679989627563128,10.83801555633545,2802
forecaster,1g,with_l1,10.662689444430153,10.784768104553223,2807
forecaster,1g,with_l1,10.663180168067568,10.800127983093262,2806
forecaster,1g,with_l1,10.666344692277823,10.780672073364258,2805
forecaster,1g,alone,10.673774688628193,10.754048347473145,2804
forecaster,1g,alone,10.670071983473447,10.780672073364258,2804
forecaster,1g,alone,10.673171757545974,10.727423667907715,2803
forecaster,1g,alone,10.662428618071978,10.693632125854492,2807
forecaster,1g,alone,10.675145592555122,10.71615982055664,2803
forecaster,2g,with_l1,20.000576580796288,20.145151138305664,1498
forecaster,2g,with_l1,20.0204914566988,20.189184188842773,1497
forecaster,2g,with_l1,19.998823244835886,20.149248123168945,1498
forecaster,2g,with_l1,19.996102253542972,20.106239318847656,1499
forecaster,2g,with_l1,20.000222506605894,20.151296615600586,1498
forecaster,2g,alone,19.99219070648336,20.033536911010742,1499
forecaster,2g,alone,20.00502535306882,20.063232421875,1498
forecaster,2g,alone,19.997721969166783,20.04582405090332,1499
forecaster,2g,alone,20.0041633320746,20.05708885192871,1498
forecaster,2g,alone,19.994761316198918,20.04787254333496,1499
forecaster,3g,with_l1,41.462254951013385,41.60512161254883,724
forecaster,3g,with_l1,41.48627074097862,41.94508743286133,723
forecaster,3g,with_l1,41.48605418436095,41.67270278930664,723
forecaster,3g,with_l1,41.49182561555179,41.68191909790039,723
forecaster,3g,with_l1,41.496816722189244,41.73209762573242,723
forecaster,3g,alone,41.454541143132836,41.50067138671875,724
forecaster,3g,alone,41.45278592399471,41.48838424682617,724
forecaster,3g,alone,41.451726634199446,41.52729415893555,724
forecaster,3g,alone,41.45895810943941,41.55596923828125,724
forecaster,3g,alone,41.45591448156873,41.54982376098633,724
xapp,1g,with_l1,0.12853361408494712,0.158720001578331,202316
xapp,1g,with_l1,0.12571879111222872,0.15564799308776855,206608
xapp,1g,with_l1,0.12797424254347248,0.158720001578331,201106
xapp,1g,with_l1,0.12753536988024275,0.15052799880504608,203882
xapp,1g,with_l1,0.1278961506570359,0.15052799880504608,203695
xapp,1g,alone,0.12456278700377112,0.1372160017490387,207982
xapp,1g,alone,0.13150097028357907,0.1443839967250824,198219
xapp,1g,alone,0.12351729600355722,0.13414399325847626,211504
xapp,1g,alone,0.12546285347248903,0.1382399946451187,206730
xapp,1g,alone,0.1268112948113043,0.1443839967250824,205142
xapp,2g,with_l1,0.12672318319402295,0.158720001578331,204258
xapp,2g,with_l1,0.12604622252779626,0.15667200088500977,205660
xapp,2g,with_l1,0.12718192897499703,0.1454080045223236,204533
xapp,2g,with_l1,0.12512858166215007,0.15564799308776855,207279
xapp,2g,with_l1,0.12467498136340187,0.15564799308776855,208072
xapp,2g,alone,0.12669515653449326,0.13926400244235992,203958
xapp,2g,alone,0.12292374491787413,0.13619199395179749,210246
xapp,2g,alone,0.12851361309339476,0.14131200313568115,201494
xapp,2g,alone,0.12902708180928568,0.14131200313568115,201172
xapp,2g,alone,0.12605006707897673,0.13926400244235992,206165
forecaster,4g,with_l1,32.569202787583606,32.735233306884766,921
forecaster,4g,with_l1,32.555799668567836,32.73215866088867,921
forecaster,4g,with_l1,32.55509694003127,32.7086067199707,921
forecaster,4g,with_l1,32.564166186039664,32.738304138183594,921
forecaster,4g,with_l1,32.55109101915722,32.70655822753906,921
forecaster,4g,alone,32.597325951120126,33.01887893676758,920
forecaster,4g,alone,32.59698086199553,33.03833770751953,920
forecaster,4g,alone,32.57998134364252,33.0250244140625,920
forecaster,4g,alone,32.59135332936826,32.949249267578125,920
forecaster,4g,alone,32.60210322089817,33.08134460449219,920
