condition,block,n,mean_ms,mean_sd,mean_delta_pct,p99_ms,p99_sd,p99_ci_lo,p99_ci_hi,p99_delta_pct,max_ms,max_sd,max_delta_pct,p99_significant
F_0_alone,baseline,10,43.50,1.57,0.00,53.67,7.56,48.98,58.36,0.00,56.04,8.77,0.00,OVERLAP
F_B_D2D_sz1024_str1,B_D2D,5,42.43,1.98,-2.47,44.01,2.09,42.18,45.84,-18.00,44.44,2.14,-20.71,SEPARATE
F_B_D2D_sz1024_str4,B_D2D,5,42.98,1.47,-1.20,44.58,1.43,43.33,45.83,-16.95,45.25,1.73,-19.25,SEPARATE
F_B_D2D_sz1024_str8,B_D2D,5,43.01,1.53,-1.13,44.82,1.31,43.67,45.97,-16.49,45.65,0.91,-18.55,SEPARATE
F_B_D2D_sz16_str1,B_D2D,5,41.64,1.89,-4.29,43.27,1.82,41.68,44.87,-19.38,43.61,1.56,-22.18,SEPARATE
F_B_D2D_sz16_str4,B_D2D,5,42.13,1.77,-3.16,43.56,1.90,41.90,45.23,-18.83,44.54,1.99,-20.53,SEPARATE
F_B_D2D_sz16_str8,B_D2D,5,42.94,1.47,-1.29,44.63,1.39,43.40,45.85,-16.85,45.18,1.43,-19.38,SEPARATE
F_B_D2D_sz256_str1,B_D2D,5,43.13,1.58,-0.86,44.62,1.74,43.10,46.15,-16.86,45.13,1.42,-19.48,SEPARATE
F_B_D2D_sz256_str4,B_D2D,5,42.73,1.36,-1.77,44.33,1.46,43.05,45.62,-17.40,45.20,1.36,-19.34,SEPARATE
F_B_D2D_sz256_str8,B_D2D,5,42.95,1.48,-1.26,44.49,1.65,43.05,45.94,-17.10,45.09,1.29,-19.55,SEPARATE
F_B_D2D_sz64_str1,B_D2D,5,43.93,0.05,0.99,45.61,0.09,45.53,45.69,-15.03,45.99,0.24,-17.94,SEPARATE
F_B_D2D_sz64_str4,B_D2D,5,42.72,1.53,-1.79,44.31,1.48,43.01,45.61,-17.44,44.80,1.44,-20.06,SEPARATE
F_B_D2D_sz64_str8,B_D2D,5,43.26,0.45,-0.55,45.14,0.59,44.63,45.66,-15.89,46.89,2.40,-16.34,SEPARATE
F_C_H2D_sz16_str1,C_H2D,5,43.31,1.62,-0.43,44.84,1.70,43.35,46.33,-16.45,45.76,1.81,-18.35,SEPARATE
F_C_H2D_sz16_str4,C_H2D,5,44.85,1.50,3.10,46.59,1.68,45.12,48.06,-13.19,48.15,1.93,-14.08,SEPARATE
F_C_H2D_sz256_str1,C_H2D,5,45.32,0.42,4.17,47.01,0.70,46.39,47.62,-12.42,47.91,1.04,-14.52,SEPARATE
F_C_H2D_sz256_str4,C_H2D,5,45.03,1.10,3.50,47.12,1.29,45.99,48.25,-12.20,48.61,1.88,-13.26,SEPARATE
F_C_H2D_sz64_str1,C_H2D,5,44.54,1.47,2.38,46.41,1.74,44.88,47.94,-13.53,47.33,2.18,-15.55,SEPARATE
F_C_H2D_sz64_str4,C_H2D,5,44.32,1.33,1.88,46.70,1.93,45.01,48.39,-12.98,49.47,4.76,-11.73,SEPARATE
F_D_GEMM_d1024,D_GEMM,5,42.69,1.48,-1.87,44.41,1.34,43.23,45.59,-17.25,44.74,1.34,-20.17,SEPARATE
F_D_GEMM_d2048,D_GEMM,5,42.64,2.01,-1.97,47.20,6.69,41.34,53.06,-12.06,48.24,7.35,-13.93,OVERLAP
F_D_GEMM_d4096,D_GEMM,5,42.15,1.82,-3.11,43.81,1.97,42.09,45.53,-18.37,44.32,2.11,-20.91,SEPARATE
F_D_GEMM_d512,D_GEMM,5,42.68,1.45,-1.89,44.29,1.64,42.85,45.73,-17.48,44.76,1.68,-20.14,SEPARATE
F_E_chanpred_b1,E_chanpred,5,43.77,0.44,0.62,45.67,0.24,45.46,45.88,-14.91,46.14,0.46,-17.66,SEPARATE
F_E_chanpred_b1024,E_chanpred,5,42.83,1.46,-1.54,44.59,1.37,43.38,45.79,-16.93,44.97,1.45,-19.76,SEPARATE
F_E_chanpred_b16,E_chanpred,5,42.91,1.57,-1.37,44.58,1.61,43.17,45.99,-16.94,44.83,1.47,-20.01,SEPARATE
F_E_chanpred_b256,E_chanpred,5,44.07,0.53,1.31,48.54,5.88,43.38,53.69,-9.57,49.39,5.84,-11.87,OVERLAP
F_E_chanpred_b64,E_chanpred,5,41.62,1.87,-4.32,43.37,1.90,41.71,45.04,-19.19,43.96,1.52,-21.56,SEPARATE
F_E_forecaster_d1024,E_forecaster,5,43.05,1.53,-1.05,44.90,1.35,43.72,46.08,-16.34,45.55,1.57,-18.71,SEPARATE
F_E_forecaster_d256,E_forecaster,5,42.74,1.49,-1.76,44.58,1.30,43.44,45.71,-16.95,45.00,1.41,-19.71,SEPARATE
F_E_forecaster_d512,E_forecaster,5,42.89,1.56,-1.40,44.59,1.34,43.41,45.77,-16.92,45.38,1.36,-19.03,SEPARATE
F_E_resnet_b16,E_resnet,5,42.55,1.31,-2.18,44.28,1.30,43.14,45.42,-17.49,44.79,0.96,-20.08,SEPARATE
F_E_resnet_b256,E_resnet,5,42.54,1.37,-2.21,44.12,1.41,42.88,45.35,-17.80,44.70,1.05,-20.24,SEPARATE
F_E_resnet_b64,E_resnet,5,42.98,1.46,-1.20,44.54,1.39,43.32,45.76,-17.01,45.19,1.38,-19.36,SEPARATE
F_F_stack_chanpred_x2,F_stack_chanpred,5,43.07,1.60,-0.99,45.08,1.69,43.59,46.56,-16.01,45.40,1.80,-18.98,SEPARATE
F_F_stack_chanpred_x4,F_stack_chanpred,5,43.45,0.45,-0.11,45.15,0.42,44.78,45.51,-15.88,45.66,0.34,-18.53,SEPARATE
F_F_stack_chanpred_x8,F_stack_chanpred,5,44.18,0.37,1.56,45.92,0.53,45.45,46.39,-14.44,46.60,0.81,-16.85,SEPARATE
F_F_stack_resnet_x2,F_stack_resnet,5,42.71,1.40,-1.83,44.28,1.36,43.08,45.47,-17.51,44.83,1.57,-20.01,SEPARATE
F_F_stack_resnet_x4,F_stack_resnet,5,43.26,0.54,-0.55,45.02,0.58,44.52,45.53,-16.11,45.43,0.65,-18.93,SEPARATE
F_G_kitchen_all,G_kitchen,5,42.09,1.93,-3.26,43.71,2.08,41.89,45.53,-18.56,44.23,2.15,-21.08,SEPARATE
