Time (%),Total Time (ns),Instances,Avg (ns),Med (ns),Min (ns),Max (ns),StdDev (ns),Category,Operation
12.1,4874400,22,221563.6,221549.5,221437,221661,58.0,CUDA_KERNEL,__myl_AddMulSumSub_0x0e621f3620960cbfd8501720accf6ff0
12.1,4869153,22,221325.1,221325.5,221181,221437,65.4,CUDA_KERNEL,__myl_AddMulSumSub_0xd230df01303305a73d1c0d6ac998d13a
9.5,3806352,110,34603.2,34592.0,34175,35168,268.0,CUDA_KERNEL,sm80_xmma_depthwise_convolution_fprop_tiling_f16f16_f16f16_f16_nhwckrsc_nhwc_tilesize1x6x6_1x3x3_1x1x1_1x1x1_stage4_warpsize4x1x1_g64_betaFalse_execute_kernel_trt
7.8,3158229,66,47852.0,63839.0,15264,64511,22982.1,CUDA_KERNEL,sm50_xmma_convolution_depthwiseHMMA_FP16NHWCx8_TR3_TS3_STRIDEH1_STRIDEW1_execute_kernel_trt
7.0,2827004,22,128500.2,128526.0,127966,129214,307.2,CUDA_KERNEL,__myl_MulReshConcTran_0xb7a17b255f4322f573065048adb59b68
6.9,2758301,22,125377.3,125406.0,125054,125630,122.0,CUDA_KERNEL,__myl_AddReluEqlCastNotCastDivSeleMulAddMulReshConcTran_0x972db51376c2a1f86a9afe9eda536aac
4.2,1698538,44,38603.1,38512.0,37440,39712,527.3,CUDA_KERNEL,sm80_xmma_gemm_f16f16_f16f16_f16_nn_n_tilesize128x128x32_stage4_warpsize2x2x1_tensor16x8x16_execute_kernel_trt
4.0,1591182,44,36163.2,36287.5,34879,37599,805.2,CUDA_KERNEL,"void CUTENSOR_NAMESPACE::permutationKernelPLC3<CUTENSOR_NAMESPACE::VectorWrite2DTensorView<(unsigned char)0, (unsigned char)1, (bool)0, (unsigned int)8, float, __half, CUTENSOR_NAMESPACE::GeneralUnarySmall<float>>, CUTENSOR_NAMESPACE::VectorRead2DTensorView<(unsigned char)1, (unsigned char)0, (bool)0, (unsigned int)8, float, __half, CUTENSOR_NAMESPACE::GeneralUnarySmall<float>>, CUTENSOR_NAMESPACE::ThreadLevelElementwise<CUTENSOR_NAMESPACE::ElementwiseConfig2DCommonCase<CUTENSOR_NAMESPACE::GeneralUnarySmall<float>, CUTENSOR_NAMESPACE::GeneralBinary<float>, (int)2, (int)16, (int)128, (int)128, (signed char)8, (bool)0, (bool)0, (bool)1, (bool)0, (bool)0>, float>, CUTENSOR_NAMESPACE::ElementwiseRuntimePLC3<__half, float, __half, float>::Params>(T4)"
3.5,1428525,44,32466.5,32624.0,30336,34783,1311.2,CUDA_KERNEL,__myl_ReshAddRelu_0x54fd10a5bd05f87cea32397121f8c6e9
3.5,1411629,66,21388.3,21488.0,19520,22048,431.6,CUDA_KERNEL,sm80_xmma_gemm_f16f16_f16f16_f16_nn_n_tilesize256x64x32_stage3_warpsize4x1x1_tensor16x8x16_execute_kernel_trt
3.5,1406765,44,31971.9,31903.0,30944,33312,573.6,CUDA_KERNEL,sm80_xmma_gemm_f16f16_f16f16_f16_tn_n_tilesize128x128x32_stage4_warpsize2x2x1_tensor16x8x16_execute_kernel_trt
3.5,1402864,66,21255.5,17872.0,15904,34591,6349.4,CUDA_KERNEL,sm80_xmma_gemm_f16f16_f16f16_f16_tn_n_tilesize256x64x32_stage3_warpsize4x1x1_tensor16x8x16_execute_kernel_trt
2.6,1040467,22,47294.0,47263.0,47040,47647,171.0,CUDA_KERNEL,trt_ampere_fp16_s16816gemm_fp16_128x128_ldg8_f2f_tn_v1
2.5,1014997,66,15378.7,15375.5,15104,15584,107.8,CUDA_KERNEL,"void cuInt8::nhwcTonchw<__half, (int)32, (int)32, (int)2>(const __half *, T1 *, int, int, int, int, int, int)"
1.7,692535,22,31478.9,31488.0,31135,31711,136.5,CUDA_KERNEL,__myl_TranAddTranResh_0x79f01a5c7c38d7bac7b47a6a8dfc6c37
1.6,662934,22,30133.4,30320.0,29087,31039,644.8,CUDA_KERNEL,sm80_xmma_gemm_f16f16_f16f32_f32_tn_n_tilesize64x16x64_stage7_warpsize4x1x1_tensor16x8x16_execute_kernel_trt
1.3,537016,22,24409.8,24384.0,24128,24991,213.7,CUDA_KERNEL,trt_ampere_h16816gemm_128x128_ldg8_stages_32x5_nn_v1
1.3,521177,22,23689.9,23712.0,23487,23840,82.4,CUDA_KERNEL,__myl_TranResh_0xbfd57b61a326dc761957a74e01b40cd9
1.3,514011,22,23364.1,23280.0,23007,23904,271.7,CUDA_KERNEL,trt_ampere_h16816gemm_64x128_ldg8_stages_32x6_nn_v1
1.2,483897,22,21995.3,21984.0,21792,22176,91.3,CUDA_KERNEL,__myl_TranAddTran_0xbbefff6588bda9e9185928db98bcc0c7
1.2,470042,22,21365.5,21296.0,21120,21760,172.0,CUDA_KERNEL,sm75_xmma_fprop_implicit_gemm_f16f16_f16f16_f16_nhwckrsc_nhwc_tilesize64x128x32_stage1_warpsize2x2x1_g1_tensor16x8x8_simple_t1r1s1_execute_kernel_trt
1.2,465145,22,21143.0,21152.0,21024,21248,56.9,CUDA_KERNEL,__myl_SqrtEqlReshSqrtGtrCastReshNotCastReshMulReshDivMulMulAddReshSqrtGtrCastReshNotCastReshMulEtc_0x12d817f2d01f5836cfd047175e3c65b3
0.8,326491,22,14840.5,14816.0,14560,15264,151.1,CUDA_KERNEL,__myl_AddRelu_0x05d02ab51fb01c643982cd9023c803c5
0.7,290843,110,2644.0,2432.0,2272,3168,324.5,CUDA_KERNEL,sm80_xmma_depthwise_convolution_fprop_tiling_f16f16_f16f16_f16_nhwckrsc_nhwc_tilesize1x6x6_1x3x3_1x1x1_1x1x1_stage4_warpsize4x1x1_g64_betaFalse_execute_helper_kernel_trt
0.7,267421,1,267421.0,267421.0,267421,267421,0.0,CUDA_KERNEL,"void generate_seed_pseudo<rng_config<curandStateXORWOW, (curandOrdering)101>>(unsigned long long, unsigned long long, unsigned long long, curandOrdering, curandStateXORWOW *, unsigned int *)"
0.6,239358,22,10879.9,10880.0,10784,11072,57.6,CUDA_KERNEL,"void cuInt8::nchwTonhwc<float, (int)32, (int)16, (int)2>(const T1 *, __half *, int, int, int, int, int, int, int, int)"
0.5,214909,22,9768.6,9776.0,9312,9920,125.3,CUDA_KERNEL,__myl_ConcMulMean_0xe91ee1325e8f6a3eacc64255c88ed109
0.5,188989,22,8590.4,8544.0,8416,8991,147.9,CUDA_KERNEL,__myl_AddRelu_0x5b628ef3b82f191b42de06768cc043f9
0.3,116510,22,5295.9,5264.0,5024,5856,189.6,CUDA_KERNEL,__myl_Add_0xe2cc193538990d8d90177daa2530cbf5
0.3,104448,22,4747.6,5664.0,2976,6336,1471.7,CUDA_KERNEL,__myl_Slic_0x818b78336c4444710c8f2b82f603f635
0.2,100127,4,25031.8,2048.0,1280,94751,46484.8,MEMORY_OPER,[CUDA memset]
0.2,98399,22,4472.7,4480.0,4415,4544,27.9,CUDA_KERNEL,__myl_ReshCastTranSlicMeanSubMeanSubMulMeanSlicMeanSubMeanSubMulMean_0x5dfe186a7fa85624f9bf7f0995f1e901
0.2,94208,22,4282.2,4208.0,4160,4608,147.0,CUDA_KERNEL,"void cuInt8::nchwTonchw<__half, float, (int)4>(const T1 *, T2 *, int, int, int, const float *, const float *, cuInt8::ReducedDivisorParameters)"
0.2,86655,22,3938.9,3904.0,3840,4096,86.1,CUDA_KERNEL,"void genericReformat::copyVectorizedKernel<double, __half, float, (bool)1, (bool)0, (int)1>(unsigned int, const void *, genericReformat::ArrayN<T6>, genericReformat::ArrayNWithReducedDivisors<T6>, genericReformat::ArrayN<T6>, int, const float *, void *, genericReformat::ArrayN<T6>, genericReformat::ArrayNWithReducedDivisors<T6>, genericReformat::ArrayN<T6>, int, const float *)"
0.2,79711,22,3623.2,3616.0,3456,3872,136.1,CUDA_KERNEL,__myl_AddMulTran_0x402676d62c91cd5b6863c1f4fde73b38
0.2,71359,22,3243.6,3232.0,3231,3264,15.8,CUDA_KERNEL,__myl_ReshBott_0x3ce0ac289c216ed9c1b98102734ff729
0.2,60895,22,2768.0,2720.0,2688,3392,152.3,CUDA_KERNEL,__myl_ReplReshReplReshConcReshSubAbsMoveMinrSlicSlicAdd_0xf505d4d758008e0b5fca1b7f9471e259
0.1,57663,22,2621.0,2624.0,2591,2656,13.7,CUDA_KERNEL,"void genericReformat::copyVectorizedKernel<double, float, __half, (bool)1, (bool)0, (int)1>(unsigned int, const void *, genericReformat::ArrayN<T6>, genericReformat::ArrayNWithReducedDivisors<T6>, genericReformat::ArrayN<T6>, int, const float *, void *, genericReformat::ArrayN<T6>, genericReformat::ArrayNWithReducedDivisors<T6>, genericReformat::ArrayN<T6>, int, const float *)"
0.1,49983,22,2272.0,2272.0,2080,2432,57.6,CUDA_KERNEL,"void genericReformat::copyPackedKernel<float, __half, (bool)1, (bool)1, genericReformat::IdentityCoordMapper<(int)1>, (int)1>(unsigned int, unsigned int, const void *, genericReformat::ArrayN<T6>, genericReformat::ArrayNWithReducedDivisors<T6>, genericReformat::ArrayN<T6>, int, int, int, const float *, void *, genericReformat::ArrayN<T6>, genericReformat::ArrayNWithReducedDivisors<T6>, genericReformat::ArrayNWithReducedDivisors<T6>, genericReformat::ArrayN<T6>, int, int, int, const float *, T5)"
0.1,45790,22,2081.4,2080.0,2016,2208,47.9,CUDA_KERNEL,__myl_Resh_0xdb535670b69e2f380466d9c13d35bd19
0.1,38047,22,1729.4,1696.0,1664,2528,179.0,CUDA_KERNEL,__myl_Move_0x4ded5ad1be2d100f9c01e61d88d2ff4f
0.1,24768,5,4953.6,3328.0,2208,8608,2824.9,CUDA_KERNEL,"void gen_sequenced<curandStateXORWOW, float2, normal_args_st, &curand_normal_scaled2<curandStateXORWOW>, rng_config<curandStateXORWOW, (curandOrdering)101>>(T1 *, T2 *, unsigned long, unsigned long, T3)"
0.0,19712,4,4928.0,3952.0,1312,10496,4294.0,MEMORY_OPER,[CUDA memcpy Host-to-Device]
0.0,12960,6,2160.0,1920.0,1696,3104,538.4,MEMORY_OPER,[CUDA memcpy Device-to-Host]
0.0,8608,2,4304.0,4304.0,3296,5312,1425.5,CUDA_KERNEL,cupy_isfinite__float32_bool
0.0,8192,2,4096.0,4096.0,3520,4672,814.6,CUDA_KERNEL,cupy_cub_sum_with_dtype_pass1
0.0,7040,2,3520.0,3520.0,3232,3808,407.3,CUDA_KERNEL,cupy_cub_all_pass1
0.0,5696,2,2848.0,2848.0,2560,3136,407.3,CUDA_KERNEL,cupy_cub_sum_with_dtype_pass2
0.0,4832,2,2416.0,2416.0,2304,2528,158.4,CUDA_KERNEL,cupy_cub_all_pass2
0.0,4384,2,2192.0,2192.0,1952,2432,339.4,CUDA_KERNEL,cupy_copy__int32_int32
0.0,1824,1,1824.0,1824.0,1824,1824,0.0,CUDA_KERNEL,cupy_fill
